ID,Name,PNR,OriginAirport,DestinationAirport,IATA,FlightNumber,FlightDate,CheckDate,IsSuccess,ErrorReason,Type
1441929,U*** M***,E3*****,ESB,SAW,PC,2285,226,2025-08-14 13:10:56,1,,DI
1497624,D*** L***,PM*****,IST,SAW,VF,3121,226,2025-08-14 13:13:23,1,,DD
1493353,J*** J***,ET*****,ESB,SAW,TK,4071,226,2025-08-14 13:13:26,1,,DI
1433788,Z*** D***,EV*****,DLM,AMS,VF,3121,226,2025-08-14 13:13:46,1,,DI
1448641,E*** K***,EW*****,DLM,ESB,ZF,4071,226,2025-08-14 13:13:53,1,,DI
1446604,I*** D***,PM*****,SAW,GYD,HV,3121,226,2025-08-14 13:13:59,1,,DD
1465978,N*** N***,PM*****,IST,ESB,VF,2555,226,2025-08-14 13:14:21,1,,DD
1444582,K*** I***,EY*****,SAW,IST,VF,2285,226,2025-08-14 13:14:26,1,,DD
1488338,Z*** E***,EW*****,ESB,ESB,TK,2285,226,2025-08-14 13:14:29,1,,DI
1480529,F*** F***,EV*****,ESB,AMS,VF,2555,226,2025-08-14 13:14:33,1,,DD
1493528,B*** O***,EW*****,SAW,AMS,TK,4071,226,2025-08-14 13:14:53,1,,DI
1448763,G*** V***,EW*****,DLM,ESB,J2,2555,226,2025-08-14 13:15:11,1,,DI
1400358,X*** Z***,EW*****,IST,AMS,J2,404,226,2025-08-14 13:15:13,1,,DI
1412462,P*** S***,E3*****,IST,GYD,TK,2285,226,2025-08-14 13:15:15,1,,DI
1482456,R*** G***,PM*****,ESB,AMS,ZF,2555,226,2025-08-14 13:15:36,1,,DI
1410122,T*** Y***,E3*****,SAW,GYD,HV,4071,226,2025-08-14 13:15:52,1,,DD
1405603,W*** P***,EW*****,ESB,ESB,J2,3121,226,2025-08-14 13:15:54,1,,DI
1468434,V*** N***,E3*****,ESB,ESB,J2,2555,226,2025-08-14 13:16:16,1,,DI
1460485,V*** A***,EV*****,DLM,ESB,J2,062,226,2025-08-14 13:16:26,1,,DD
1440977,O*** Y***,EY*****,ESB,SAW,HV,2285,226,2025-08-14 13:16:32,1,,DD
1470719,X*** F***,ET*****,ESB,IST,PC,4071,226,2025-08-14 13:16:36,1,,DI
1440610,V*** M***,E3*****,IST,IST,ZF,062,226,2025-08-14 13:17:07,1,,DD
1441929,X*** A***,EV*****,SAW,AMS,ZF,4071,226,2025-08-14 13:17:26,1,,DI
1422632,H*** N***,PM*****,IST,IST,VF,3121,226,2025-08-14 13:17:30,1,,DD
1446290,U*** I***,ET*****,SAW,IST,J2,404,226,2025-08-14 13:17:34,1,,DI
1405427,P*** H***,EY*****,ESB,ESB,PC,404,226,2025-08-14 13:17:38,1,,DI
1490906,O*** K***,ET*****,IST,SAW,TK,2285,226,2025-08-14 13:17:42,1,,DD
1499130,N*** C***,E3*****,IST,IST,J2,2555,226,2025-08-14 13:17:52,1,,DD
1452918,F*** T***,EY*****,ESB,SAW,TK,062,226,2025-08-14 13:18:07,1,,DI
1463681,A*** E***,EY*****,IST,AMS,J2,3121,226,2025-08-14 13:18:11,1,,DI
1422390,G*** T***,E3*****,DLM,SAW,TK,404,226,2025-08-14 13:18:19,1,,DD
1466031,X*** I***,EV*****,SAW,ESB,HV,2555,226,2025-08-14 13:18:28,1,,DI
1486474,R*** V***,EV*****,SAW,SAW,HV,062,226,2025-08-14 13:18:41,1,,DD
1450511,V*** D***,EW*****,DLM,AMS,J2,062,226,2025-08-14 13:18:49,1,,DI
1418078,H*** J***,ET*****,IST,ESB,TK,2555,226,2025-08-14 13:18:50,1,,DD
1439832,M*** Z***,E3*****,IST,GYD,VF,062,226,2025-08-14 13:18:58,1,,DI
1407128,X*** L***,EV*****,DLM,ESB,TK,3121,226,2025-08-14 13:19:03,1,,DI
1454437,K*** H***,PM*****,IST,GYD,J2,2285,226,2025-08-14 13:19:06,1,,DI
1456809,Q*** M***,E3*****,IST,AMS,HV,404,226,2025-08-14 13:19:08,1,,DI
1438198,Z*** V***,EV*****,DLM,IST,ZF,062,226,2025-08-14 13:19:16,1,,DD
1447872,R*** I***,ET*****,IST,IST,VF,404,226,2025-08-14 13:19:37,0,Bilet Tarihi Uyumsuz!,DD
1468211,T*** B***,EY*****,DLM,GYD,PC,2555,226,2025-08-14 13:19:52,1,,DI
1482119,Y*** J***,EW*****,IST,IST,TK,404,226,2025-08-14 13:20:01,1,,DD
1428011,K*** V***,ET*****,IST,AMS,J2,4071,226,2025-08-14 13:20:10,1,,DD
1402006,N*** J***,E3*****,IST,GYD,PC,2285,226,2025-08-14 13:20:40,1,,DD
1496987,S*** Z***,EW*****,IST,SAW,VF,404,226,2025-08-14 13:20:44,1,,DI
1434352,H*** F***,ET*****,IST,AMS,ZF,2555,226,2025-08-14 13:20:47,1,,DI
1444742,I*** Q***,E3*****,IST,GYD,VF,4071,226,2025-08-14 13:20:50,1,,DI
1495280,R*** L***,EW*****,ESB,IST,VF,404,226,2025-08-14 13:21:05,1,,DD
1488772,S*** G***,EW*****,IST,AMS,VF,062,226,2025-08-14 13:21:22,1,,DD
1423703,Z*** F***,E3*****,IST,IST,TK,2285,226,2025-08-14 13:21:26,1,,DI
1459087,D*** A***,EV*****,IST,ESB,ZF,404,226,2025-08-14 13:21:28,1,,DI
1484480,S*** X***,E3*****,SAW,GYD,ZF,404,226,2025-08-14 13:21:44,1,,DI
1423613,V*** V***,EV*****,DLM,IST,TK,404,226,2025-08-14 13:21:52,1,,DI
1473281,E*** J***,EY*****,ESB,SAW,HV,404,226,2025-08-14 13:21:57,1,,DI
1450516,K*** B***,E3*****,ESB,SAW,PC,062,226,2025-08-14 13:22:14,1,,DD
1495712,D*** D***,EV*****,ESB,AMS,PC,2285,226,2025-08-14 13:22:18,1,,DI
1429517,E*** U***,EV*****,DLM,ESB,PC,4071,226,2025-08-14 13:22:28,1,,DI
1493593,A*** N***,EV*****,IST,GYD,ZF,4071,226,2025-08-14 13:22:34,0,Bilet Tarihi Uyumsuz!,DD
1439286,K*** Y***,E3*****,IST,GYD,ZF,404,226,2025-08-14 13:22:38,1,,DD
1496630,V*** W***,EV*****,IST,SAW,PC,2555,226,2025-08-14 13:22:40,0,Uçuş Bulunamadı!,DD
1417930,Q*** V***,EV*****,DLM,ESB,PC,2285,226,2025-08-14 13:22:43,1,,DD
1445918,B*** Z***,EW*****,DLM,ESB,PC,062,226,2025-08-14 13:22:57,0,PNR Geçersiz!,DD
1408575,W*** K***,EV*****,IST,SAW,PC,404,226,2025-08-14 13:23:21,1,,DD
1481133,V*** V***,EV*****,DLM,SAW,ZF,404,226,2025-08-14 13:23:40,1,,DD
1451073,E*** D***,PM*****,DLM,GYD,J2,3121,226,2025-08-14 13:23:57,1,,DD
1406975,D*** D***,PM*****,DLM,SAW,HV,2555,226,2025-08-14 13:24:00,0,PNR Geçersiz!,DD
1427431,A*** P***,EY*****,DLM,SAW,J2,4071,226,2025-08-14 13:24:17,1,,DD
1436621,A*** T***,EV*****,ESB,IST,ZF,3121,226,2025-08-14 13:24:19,1,,DI
1464709,V*** M***,PM*****,IST,GYD,HV,2285,226,2025-08-14 13:24:47,1,,DI
1421943,B*** I***,ET*****,IST,GYD,VF,2555,226,2025-08-14 13:24:48,1,,DI
1426056,L*** Q***,EV*****,IST,GYD,VF,3121,226,2025-08-14 13:24:59,1,,DI
1409002,A*** I***,EV*****,ESB,SAW,TK,062,226,2025-08-14 13:25:15,1,,DD
1499195,X*** G***,E3*****,ESB,AMS,HV,404,226,2025-08-14 13:25:28,0,Uçuş Bulunamadı!,DI
1406489,N*** F***,E3*****,SAW,SAW,PC,3121,226,2025-08-14 13:25:57,1,,DD
1464223,U*** M***,ET*****,IST,GYD,VF,3121,226,2025-08-14 13:26:02,0,Bilet Tarihi Uyumsuz!,DI
1472328,K*** H***,E3*****,DLM,IST,ZF,404,226,2025-08-14 13:26:03,1,,DI
1475300,B*** A***,E3*****,ESB,IST,ZF,3121,226,2025-08-14 13:26:07,1,,DD
1456028,B*** Q***,EW*****,ESB,ESB,VF,404,226,2025-08-14 13:26:19,1,,DD
1423632,Y*** K***,ET*****,DLM,SAW,PC,4071,226,2025-08-14 13:26:22,1,,DI
1406560,N*** Q***,EV*****,SAW,AMS,TK,404,226,2025-08-14 13:26:27,1,,DD
1480243,A*** O***,EY*****,ESB,GYD,VF,4071,226,2025-08-14 13:26:41,1,,DD
1478461,C*** S***,EW*****,DLM,IST,ZF,4071,226,2025-08-14 13:26:44,1,,DI
1464820,U*** P***,ET*****,ESB,ESB,TK,062,226,2025-08-14 13:26:48,1,,DD
1496158,A*** G***,PM*****,SAW,ESB,HV,4071,226,2025-08-14 13:26:49,1,,DD
1491151,G*** X***,E3*****,ESB,AMS,VF,2285,226,2025-08-14 13:26:54,1,,DD
1474777,E*** E***,EW*****,ESB,GYD,PC,404,226,2025-08-14 13:27:11,1,,DD
1407177,Q*** N***,PM*****,SAW,IST,PC,2285,226,2025-08-14 13:27:22,1,,DD
1415425,T*** K***,EW*****,SAW,GYD,HV,3121,226,2025-08-14 13:27:27,1,,DD
1414951,P*** Q***,EW*****,SAW,GYD,PC,4071,226,2025-08-14 13:27:31,1,,DI
1458835,V*** R***,ET*****,ESB,GYD,VF,062,226,2025-08-14 13:27:36,1,,DD
1490846,Q*** U***,E3*****,IST,ESB,TK,404,226,2025-08-14 13:27:55,1,,DI
1494569,L*** Z***,PM*****,IST,AMS,J2,2285,226,2025-08-14 13:28:05,1,,DI
1409292,M*** X***,ET*****,SAW,SAW,VF,2555,226,2025-08-14 13:28:06,1,,DD
1482820,G*** Q***,PM*****,IST,IST,HV,2555,226,2025-08-14 13:28:20,1,,DI
1433658,C*** Y***,ET*****,IST,SAW,PC,404,226,2025-08-14 13:28:23,1,,DI
1433946,E*** J***,EV*****,SAW,SAW,ZF,4071,226,2025-08-14 13:28:25,1,,DI
1419376,N*** B***,EY*****,ESB,ESB,HV,2555,226,2025-08-14 13:28:31,1,,DD
1444360,L*** R***,E3*****,IST,SAW,TK,404,226,2025-08-14 13:28:45,1,,DD
1421989,M*** L***,EY*****,SAW,ESB,TK,3121,226,2025-08-14 13:29:09,1,,DI
1458426,R*** M***,PM*****,SAW,AMS,J2,3121,226,2025-08-14 13:29:10,1,,DD
1409366,N*** M***,EW*****,SAW,SAW,ZF,4071,226,2025-08-14 13:29:11,1,,DD
1496829,O*** R***,EV*****,DLM,GYD,ZF,404,226,2025-08-14 13:29:25,1,,DI
1435974,S*** P***,EW*****,IST,AMS,PC,404,226,2025-08-14 13:29:40,1,,DD
1401747,L*** C***,E3*****,SAW,SAW,PC,3121,226,2025-08-14 13:29:42,1,,DD
1490334,R*** T***,EY*****,DLM,ESB,VF,2285,226,2025-08-14 13:29:44,1,,DI
1482544,M*** J***,EY*****,SAW,AMS,PC,062,226,2025-08-14 13:29:50,1,,DI
1426869,Z*** L***,EV*****,SAW,GYD,VF,404,226,2025-08-14 13:30:20,1,,DD
1494867,K*** M***,EW*****,IST,AMS,VF,2555,226,2025-08-14 13:30:24,1,,DI
1418390,U*** F***,EY*****,IST,IST,HV,404,226,2025-08-14 13:30:42,1,,DD
1458558,I*** E***,ET*****,DLM,GYD,J2,4071,226,2025-08-14 13:30:46,1,,DD
1427517,D*** Z***,EV*****,DLM,SAW,HV,2555,226,2025-08-14 13:30:50,1,,DD
1462463,U*** F***,ET*****,SAW,AMS,PC,2285,226,2025-08-14 13:30:52,1,,DI
1417706,U*** Q***,EV*****,ESB,GYD,ZF,404,226,2025-08-14 13:30:53,0,PNR Geçersiz!,DI
1470167,I*** A***,E3*****,SAW,IST,J2,404,226,2025-08-14 13:30:57,1,,DD
1400723,R*** F***,EV*****,IST,ESB,ZF,404,226,2025-08-14 13:30:58,1,,DD
1447867,J*** M***,E3*****,IST,ESB,HV,2555,226,2025-08-14 13:31:16,0,Bilet Tarihi Uyumsuz!,DI
1465604,Q*** L***,ET*****,DLM,IST,TK,404,226,2025-08-14 13:31:18,1,,DD
1420957,H*** K***,EY*****,SAW,GYD,PC,2285,226,2025-08-14 13:31:19,1,,DI
1470495,P*** Q***,E3*****,SAW,ESB,ZF,062,226,2025-08-14 13:31:24,0,PNR Geçersiz!,DI
1467739,S*** F***,EW*****,IST,SAW,J2,404,226,2025-08-14 13:31:28,1,,DD
1451265,L*** M***,E3*****,IST,SAW,J2,062,226,2025-08-14 13:31:53,1,,DD
1400304,T*** U***,ET*****,DLM,IST,J2,4071,226,2025-08-14 13:32:04,1,,DI
1414629,B*** J***,ET*****,ESB,SAW,HV,2555,226,2025-08-14 13:32:06,1,,DI
1441417,T*** Y***,EY*****,DLM,IST,VF,2285,226,2025-08-14 13:32:09,1,,DI
1484397,K*** G***,PM*****,DLM,ESB,HV,2285,226,2025-08-14 13:32:14,1,,DI
1427334,W*** R***,EW*****,ESB,SAW,VF,2285,226,2025-08-14 13:32:33,1,,DD
1439863,H*** F***,ET*****,DLM,AMS,HV,062,226,2025-08-14 13:32:39,1,,DD
1431292,T*** O***,E3*****,ESB,SAW,PC,3121,226,2025-08-14 13:32:45,1,,DD
1421526,T*** K***,EY*****,DLM,SAW,HV,2285,226,2025-08-14 13:32:52,1,,DD
1411612,N*** E***,PM*****,DLM,GYD,PC,3121,226,2025-08-14 13:33:02,1,,DI
1419539,C*** Y***,E3*****,DLM,AMS,PC,3121,226,2025-08-14 13:33:19,1,,DD
1492671,A*** H***,E3*****,SAW,GYD,HV,404,226,2025-08-14 13:33:22,1,,DD
1477414,N*** R***,ET*****,DLM,AMS,J2,2555,226,2025-08-14 13:33:23,1,,DI
1484332,Q*** W***,EV*****,IST,GYD,PC,404,226,2025-08-14 13:33:26,1,,DD
1488282,S*** W***,EY*****,ESB,ESB,PC,2555,226,2025-08-14 13:33:31,1,,DI
1453280,J*** S***,EW*****,ESB,AMS,TK,2285,226,2025-08-14 13:33:37,1,,DI
1401630,Y*** K***,EY*****,DLM,SAW,PC,2285,226,2025-08-14 13:33:41,1,,DI
1444217,M*** B***,E3*****,DLM,IST,VF,062,226,2025-08-14 13:33:51,1,,DD
1446315,W*** G***,EV*****,SAW,GYD,TK,2555,226,2025-08-14 13:33:55,1,,DI
1495157,O*** O***,EY*****,ESB,IST,TK,2285,226,2025-08-14 13:34:06,1,,DI
1414786,A*** O***,ET*****,IST,IST,VF,404,226,2025-08-14 13:34:14,1,,DI
1443407,O*** G***,EW*****,DLM,IST,J2,2285,226,2025-08-14 13:34:16,0,Uçuş Bulunamadı!,DI
1469160,U*** U***,ET*****,SAW,ESB,PC,2285,226,2025-08-14 13:34:19,0,Bilet Kullanılmış!,DI
1421925,A*** Z***,E3*****,SAW,GYD,J2,062,226,2025-08-14 13:34:42,1,,DD
1472853,H*** M***,EW*****,IST,GYD,ZF,4071,226,2025-08-14 13:34:46,1,,DI
1476257,T*** K***,EV*****,IST,GYD,PC,2285,226,2025-08-14 13:35:02,1,,DD
1438795,C*** D***,ET*****,ESB,ESB,TK,404,226,2025-08-14 13:35:03,1,,DI
1465947,X*** O***,E3*****,IST,GYD,TK,4071,226,2025-08-14 13:35:04,0,PNR Geçersiz!,DD
1465964,W*** T***,EW*****,DLM,SAW,ZF,062,226,2025-08-14 13:35:31,1,,DI
1422886,B*** G***,E3*****,SAW,AMS,TK,3121,226,2025-08-14 13:35:42,1,,DI
1449435,B*** B***,E3*****,DLM,SAW,J2,2285,226,2025-08-14 13:36:02,1,,DD
1402395,B*** A***,EW*****,SAW,SAW,HV,4071,226,2025-08-14 13:36:04,1,,DI
1478145,T*** T***,PM*****,DLM,ESB,PC,2285,226,2025-08-14 13:36:14,1,,DI
1455526,L*** O***,PM*****,ESB,IST,VF,404,226,2025-08-14 13:36:19,1,,DI
1417888,R*** B***,PM*****,DLM,SAW,TK,062,226,2025-08-14 13:36:22,1,,DD
1455379,Y*** M***,ET*****,SAW,SAW,HV,062,226,2025-08-14 13:36:26,1,,DI
1420355,Q*** X***,E3*****,ESB,IST,TK,062,226,2025-08-14 13:36:30,1,,DI
1463470,M*** Q***,EW*****,SAW,IST,J2,4071,226,2025-08-14 13:36:34,1,,DI
1467689,Y*** V***,EW*****,IST,ESB,J2,404,226,2025-08-14 13:36:36,1,,DD
1461728,A*** G***,PM*****,DLM,AMS,ZF,2285,226,2025-08-14 13:36:40,1,,DD
1487911,Y*** O***,E3*****,IST,IST,TK,2555,226,2025-08-14 13:36:42,1,,DI
1471915,J*** W***,EY*****,SAW,GYD,VF,062,226,2025-08-14 13:36:52,1,,DD
1401077,N*** U***,E3*****,DLM,AMS,ZF,4071,226,2025-08-14 13:36:56,1,,DI
1400462,F*** J***,EW*****,IST,SAW,TK,2555,226,2025-08-14 13:37:02,1,,DD
1494471,U*** W***,EW*****,DLM,SAW,J2,404,226,2025-08-14 13:37:04,1,,DI
1416922,A*** Z***,EY*****,DLM,SAW,J2,062,226,2025-08-14 13:37:07,1,,DD
1426002,B*** P***,E3*****,DLM,AMS,PC,2555,226,2025-08-14 13:37:16,1,,DI
1468368,I*** V***,ET*****,ESB,ESB,J2,2555,226,2025-08-14 13:37:18,1,,DD
1468823,X*** R***,PM*****,ESB,ESB,PC,2555,226,2025-08-14 13:37:26,1,,DD
1420769,A*** F***,EW*****,DLM,SAW,J2,404,226,2025-08-14 13:37:47,1,,DI
1410046,W*** G***,EV*****,DLM,IST,TK,062,226,2025-08-14 13:38:12,1,,DD
1479818,K*** I***,EV*****,IST,AMS,PC,4071,226,2025-08-14 13:38:24,1,,DD
1447819,Q*** V***,EY*****,IST,GYD,PC,062,226,2025-08-14 13:38:44,1,,DD
1413784,C*** P***,EY*****,DLM,SAW,VF,2555,226,2025-08-14 13:38:49,0,Bilet Kullanılmış!,DD
1488904,D*** B***,EW*****,IST,IST,HV,2285,226,2025-08-14 13:38:50,1,,DD
1452092,T*** R***,EV*****,DLM,AMS,J2,062,226,2025-08-14 13:38:58,0,Bilet Kullanılmış!,DD
1438120,S*** E***,ET*****,ESB,AMS,J2,062,226,2025-08-14 13:39:00,1,,DD
1464972,Y*** E***,E3*****,DLM,AMS,J2,4071,226,2025-08-14 13:39:02,1,,DI
1447340,H*** R***,E3*****,IST,SAW,HV,2555,226,2025-08-14 13:39:22,1,,DD
1467345,X*** V***,ET*****,DLM,IST,HV,3121,226,2025-08-14 13:39:34,1,,DI
1442245,O*** K***,E3*****,DLM,AMS,PC,404,226,2025-08-14 13:39:35,1,,DI
1477086,X*** G***,ET*****,ESB,SAW,J2,2555,226,2025-08-14 13:39:40,1,,DI
1470274,Y*** W***,PM*****,SAW,AMS,HV,2555,226,2025-08-14 13:39:49,1,,DI
1483257,W*** G***,PM*****,IST,AMS,VF,062,226,2025-08-14 13:39:59,1,,DD
1412092,V*** I***,E3*****,ESB,SAW,HV,3121,226,2025-08-14 13:40:06,1,,DD
1482489,D*** P***,PM*****,ESB,ESB,ZF,2555,226,2025-08-14 13:40:14,1,,DI
1431179,G*** T***,PM*****,ESB,IST,PC,2555,226,2025-08-14 13:40:19,0,Bilet Kullanılmış!,DI
1468374,Q*** Q***,EV*****,DLM,AMS,VF,4071,226,2025-08-14 13:40:24,1,,DI
1495585,I*** F***,EW*****,DLM,ESB,VF,2555,226,2025-08-14 13:40:33,1,,DI
1457164,Q*** K***,ET*****,IST,ESB,HV,404,226,2025-08-14 13:40:35,1,,DI
1411953,F*** M***,EV*****,ESB,AMS,PC,2285,226,2025-08-14 13:41:00,0,Bilet Tarihi Uyumsuz!,DI
1465114,E*** K***,EV*****,ESB,SAW,ZF,3121,226,2025-08-14 13:41:03,1,,DD
1496232,A*** Y***,EW*****,IST,IST,TK,3121,226,2025-08-14 13:41:05,1,,DD
1492949,I*** M***,PM*****,SAW,IST,HV,062,226,2025-08-14 13:41:24,1,,DI
1416454,P*** K***,E3*****,SAW,ESB,VF,2555,226,2025-08-14 13:41:29,1,,DD
1445772,N*** Y***,PM*****,SAW,IST,TK,3121,226,2025-08-14 13:41:33,1,,DI
1433404,I*** X***,ET*****,DLM,GYD,PC,3121,226,2025-08-14 13:41:50,1,,DI
1419567,Y*** F***,PM*****,IST,AMS,J2,3121,226,2025-08-14 13:42:09,1,,DD
1435721,H*** H***,ET*****,SAW,ESB,PC,062,226,2025-08-14 13:42:11,1,,DI
1419748,O*** R***,PM*****,DLM,AMS,J2,062,226,2025-08-14 13:42:36,1,,DI
1447677,H*** T***,EY*****,DLM,GYD,ZF,404,226,2025-08-14 13:42:51,1,,DD
1496069,Q*** Y***,ET*****,ESB,SAW,PC,2555,226,2025-08-14 13:43:16,1,,DD
1404316,D*** W***,EY*****,IST,SAW,J2,062,226,2025-08-14 13:43:23,1,,DI
1464413,F*** Q***,ET*****,SAW,AMS,TK,404,226,2025-08-14 13:43:42,1,,DI
1482498,U*** B***,E3*****,DLM,GYD,VF,3121,226,2025-08-14 13:43:45,1,,DD
1428554,L*** A***,E3*****,DLM,IST,J2,062,226,2025-08-14 13:43:52,1,,DI
1473256,B*** Z***,EW*****,DLM,GYD,VF,404,226,2025-08-14 13:43:55,1,,DD
1437203,B*** P***,PM*****,DLM,ESB,PC,2285,226,2025-08-14 13:44:09,1,,DI
1427509,U*** H***,ET*****,DLM,AMS,VF,2285,226,2025-08-14 13:44:25,1,,DD
1498136,T*** L***,E3*****,DLM,GYD,ZF,4071,226,2025-08-14 13:44:40,0,PNR Geçersiz!,DD
1402975,D*** Q***,EW*****,DLM,AMS,HV,062,226,2025-08-14 13:45:18,1,,DI
1457949,P*** M***,PM*****,DLM,ESB,TK,2285,226,2025-08-14 13:45:30,1,,DD
1436151,V*** F***,ET*****,ESB,ESB,PC,062,226,2025-08-14 13:46:09,1,,DI
1451776,W*** G***,EW*****,ESB,GYD,ZF,3121,226,2025-08-14 13:46:19,1,,DD
1413705,N*** G***,EV*****,DLM,ESB,J2,2285,226,2025-08-14 13:46:23,1,,DI
1441285,B*** S***,EY*****,SAW,SAW,PC,3121,226,2025-08-14 13:46:31,1,,DI
1439280,E*** M***,PM*****,DLM,IST,PC,404,226,2025-08-14 13:46:32,1,,DI
1437134,F*** V***,PM*****,IST,ESB,HV,404,226,2025-08-14 13:46:47,1,,DD
1404751,X*** Y***,EY*****,ESB,IST,PC,404,226,2025-08-14 13:46:57,1,,DI
1407632,T*** Z***,EV*****,IST,GYD,PC,2285,226,2025-08-14 13:47:10,1,,DD
1453272,B*** R***,EY*****,DLM,ESB,TK,2285,226,2025-08-14 13:47:28,0,Uçuş Bulunamadı!,DD
1499870,L*** B***,ET*****,DLM,AMS,VF,2285,226,2025-08-14 13:47:31,1,,DD
1480350,A*** U***,PM*****,ESB,AMS,PC,062,226,2025-08-14 13:47:36,1,,DI
1499067,D*** M***,EW*****,IST,ESB,TK,062,226,2025-08-14 13:47:38,1,,DI
1423051,Q*** N***,EY*****,SAW,SAW,J2,3121,226,2025-08-14 13:47:40,1,,DD
1446884,K*** W***,PM*****,DLM,IST,VF,3121,226,2025-08-14 13:47:44,1,,DI
1445602,T*** L***,EV*****,DLM,IST,TK,4071,226,2025-08-14 13:47:46,1,,DI
1434657,Q*** O***,PM*****,DLM,SAW,VF,4071,226,2025-08-14 13:47:50,0,Bilet Kullanılmış!,DI
1416786,V*** D***,E3*****,ESB,AMS,J2,062,226,2025-08-14 13:48:30,1,,DD
1490718,N*** I***,EY*****,ESB,GYD,J2,4071,226,2025-08-14 13:48:32,1,,DD
1425853,C*** M***,E3*****,DLM,SAW,TK,062,226,2025-08-14 13:48:36,1,,DD
1451018,K*** L***,EY*****,DLM,SAW,VF,2285,226,2025-08-14 13:48:56,1,,DI
1427772,N*** G***,ET*****,SAW,IST,PC,4071,226,2025-08-14 13:48:58,1,,DD
1400386,A*** D***,PM*****,ESB,IST,VF,404,226,2025-08-14 13:49:08,0,Bilet Tarihi Uyumsuz!,DI
1408990,E*** X***,EV*****,SAW,IST,J2,2555,226,2025-08-14 13:49:14,1,,DD
1422931,I*** G***,PM*****,SAW,GYD,ZF,062,226,2025-08-14 13:49:32,1,,DI
1486944,V*** W***,EY*****,IST,SAW,PC,3121,226,2025-08-14 13:49:39,1,,DD
1493503,G*** I***,PM*****,DLM,GYD,PC,3121,226,2025-08-14 13:49:58,1,,DD
1433239,D*** J***,PM*****,ESB,AMS,PC,2555,226,2025-08-14 13:50:23,1,,DD
1452014,U*** H***,EW*****,DLM,IST,PC,3121,226,2025-08-14 13:50:24,1,,DD
1408679,L*** O***,EV*****,IST,SAW,TK,2555,226,2025-08-14 13:50:29,1,,DD
1457584,U*** V***,E3*****,DLM,IST,J2,3121,226,2025-08-14 13:50:44,1,,DI
1441039,K*** I***,EV*****,DLM,ESB,J2,062,226,2025-08-14 13:51:02,1,,DD
1446815,N*** C***,PM*****,DLM,IST,J2,4071,226,2025-08-14 13:51:06,0,PNR Geçersiz!,DI
1413680,E*** N***,ET*****,SAW,GYD,TK,4071,226,2025-08-14 13:51:14,1,,DD
1497144,G*** O***,EY*****,ESB,ESB,J2,2285,226,2025-08-14 13:51:38,1,,DI
1432079,U*** Y***,EV*****,IST,GYD,PC,4071,226,2025-08-14 13:51:41,1,,DI
1445705,R*** D***,PM*****,IST,IST,HV,3121,226,2025-08-14 13:51:47,1,,DI
1486723,R*** H***,PM*****,IST,ESB,J2,4071,226,2025-08-14 13:51:53,0,PNR Geçersiz!,DD
1482754,Y*** T***,EY*****,IST,GYD,TK,062,226,2025-08-14 13:52:04,1,,DD
1410809,R*** O***,EW*****,IST,GYD,PC,2285,226,2025-08-14 13:52:06,1,,DD
1482426,J*** N***,EW*****,IST,GYD,TK,2555,226,2025-08-14 13:52:43,1,,DI
1407126,E*** V***,ET*****,IST,GYD,ZF,4071,226,2025-08-14 13:52:57,1,,DI
1480420,E*** C***,EW*****,ESB,SAW,HV,2285,226,2025-08-14 13:53:13,1,,DI
1417524,A*** K***,PM*****,DLM,GYD,J2,062,226,2025-08-14 13:53:24,1,,DI
1405795,L*** I***,EV*****,IST,GYD,ZF,2555,226,2025-08-14 13:53:35,1,,DI
1468998,E*** C***,PM*****,ESB,GYD,J2,3121,226,2025-08-14 13:53:56,1,,DI
1495645,P*** S***,PM*****,IST,ESB,HV,404,226,2025-08-14 13:54:09,1,,DD
1474632,A*** E***,EY*****,ESB,SAW,VF,2555,226,2025-08-14 13:54:11,1,,DI
1463410,L*** P***,EY*****,IST,SAW,VF,404,226,2025-08-14 13:54:15,1,,DD
1424297,S*** Q***,ET*****,SAW,IST,ZF,2285,226,2025-08-14 13:54:34,1,,DD
1403782,N*** Y***,PM*****,ESB,SAW,PC,2285,226,2025-08-14 13:54:42,1,,DD
1489873,D*** Y***,ET*****,SAW,ESB,TK,2285,226,2025-08-14 13:54:52,1,,DI
1483608,E*** X***,ET*****,ESB,AMS,VF,4071,226,2025-08-14 13:54:56,1,,DD
1469834,W*** T***,ET*****,DLM,SAW,PC,404,226,2025-08-14 13:55:10,1,,DD
1497534,S*** K***,E3*****,DLM,ESB,PC,2555,226,2025-08-14 13:55:11,1,,DD
1405916,U*** Y***,E3*****,DLM,ESB,HV,3121,226,2025-08-14 13:55:13,1,,DI
1457174,Z*** O***,EW*****,ESB,ESB,TK,2285,226,2025-08-14 13:55:19,1,,DD
1464030,T*** P***,ET*****,IST,GYD,HV,3121,226,2025-08-14 13:55:21,1,,DD
1466766,E*** S***,E3*****,IST,SAW,HV,4071,226,2025-08-14 13:55:37,1,,DD
1454080,O*** N***,EV*****,SAW,ESB,PC,404,226,2025-08-14 13:55:51,1,,DI
1410132,Q*** V***,EY*****,SAW,AMS,TK,3121,226,2025-08-14 13:56:10,1,,DI
1474129,N*** L***,E3*****,IST,IST,PC,3121,226,2025-08-14 13:56:18,0,Bilet Kullanılmış!,DI
1480167,P*** S***,E3*****,ESB,GYD,J2,3121,226,2025-08-14 13:56:24,1,,DD
1491401,Z*** K***,PM*****,DLM,IST,VF,2285,226,2025-08-14 13:56:28,1,,DD
1474425,V*** P***,PM*****,IST,IST,HV,4071,226,2025-08-14 13:56:37,1,,DD
1453872,S*** I***,E3*****,SAW,AMS,HV,4071,226,2025-08-14 13:56:42,1,,DI
1451515,J*** J***,EY*****,IST,IST,HV,3121,226,2025-08-14 13:56:43,1,,DD
1477280,G*** Z***,EW*****,IST,AMS,HV,2555,226,2025-08-14 13:57:02,1,,DD
1404236,L*** O***,PM*****,DLM,ESB,ZF,2555,226,2025-08-14 13:57:08,1,,DD
1445568,G*** G***,EY*****,ESB,AMS,ZF,2555,226,2025-08-14 13:57:11,1,,DD
1412881,T*** R***,ET*****,IST,GYD,J2,2555,226,2025-08-14 13:57:37,1,,DD
1493472,Q*** E***,PM*****,IST,GYD,TK,4071,226,2025-08-14 13:57:38,0,PNR Geçersiz!,DD
1418492,Z*** J***,EW*****,DLM,GYD,J2,2285,226,2025-08-14 13:57:40,0,Bilet Tarihi Uyumsuz!,DD
1451122,J*** S***,EV*****,SAW,GYD,HV,2555,226,2025-08-14 13:57:55,1,,DI
1495352,E*** A***,PM*****,DLM,IST,TK,404,226,2025-08-14 13:57:57,1,,DD
1403319,F*** Q***,ET*****,IST,SAW,J2,2285,226,2025-08-14 13:58:11,1,,DI
1489880,P*** C***,EY*****,DLM,SAW,VF,062,226,2025-08-14 13:58:15,1,,DI
1423921,S*** N***,EY*****,IST,AMS,VF,4071,226,2025-08-14 13:58:25,1,,DI
1472359,I*** T***,PM*****,DLM,GYD,ZF,4071,226,2025-08-14 13:58:29,1,,DD
1416060,I*** M***,EY*****,DLM,SAW,VF,062,226,2025-08-14 13:58:36,1,,DI
1481919,G*** K***,E3*****,ESB,IST,TK,404,226,2025-08-14 13:58:39,1,,DD
1412964,M*** Z***,EW*****,SAW,IST,J2,404,226,2025-08-14 13:58:40,0,Bilet Tarihi Uyumsuz!,DI
1496640,S*** E***,EV*****,ESB,SAW,VF,2285,226,2025-08-14 13:58:41,1,,DI
1402116,V*** A***,EY*****,DLM,GYD,ZF,404,226,2025-08-14 13:58:53,1,,DI
1475697,R*** Q***,EY*****,IST,ESB,J2,2285,226,2025-08-14 13:58:56,1,,DI
1473566,I*** V***,PM*****,ESB,GYD,HV,404,226,2025-08-14 13:59:16,1,,DI
1485804,S*** Y***,ET*****,SAW,ESB,J2,2555,226,2025-08-14 13:59:19,1,,DD
1483184,O*** B***,EW*****,IST,AMS,PC,3121,226,2025-08-14 13:59:34,1,,DD
1483300,S*** Y***,EV*****,IST,GYD,PC,2555,226,2025-08-14 13:59:51,1,,DD
1418243,U*** D***,EW*****,ESB,AMS,HV,2555,226,2025-08-14 14:00:04,1,,DI
1461047,I*** K***,ET*****,SAW,SAW,J2,404,226,2025-08-14 14:00:09,1,,DI
1415425,C*** M***,ET*****,ESB,ESB,J2,2555,226,2025-08-14 14:00:24,1,,DI
1428464,P*** L***,PM*****,SAW,ESB,VF,2555,226,2025-08-14 14:00:35,1,,DD
1463716,Q*** Y***,E3*****,ESB,AMS,TK,3121,226,2025-08-14 14:00:37,1,,DD
1411762,L*** B***,EW*****,SAW,AMS,ZF,404,226,2025-08-14 14:00:56,1,,DI
1442251,W*** T***,E3*****,ESB,IST,TK,404,226,2025-08-14 14:00:57,0,Bilet Tarihi Uyumsuz!,DD
1437626,H*** V***,EW*****,ESB,IST,HV,2555,226,2025-08-14 14:01:00,1,,DI
1430800,W*** S***,ET*****,IST,SAW,PC,2285,226,2025-08-14 14:01:10,1,,DI
1438781,O*** S***,E3*****,DLM,SAW,TK,062,226,2025-08-14 14:01:18,1,,DI
1468212,V*** T***,ET*****,IST,AMS,HV,062,226,2025-08-14 14:01:20,1,,DI
1441574,C*** T***,EV*****,DLM,SAW,VF,2555,226,2025-08-14 14:01:36,1,,DD
1450960,E*** R***,EY*****,ESB,IST,VF,062,226,2025-08-14 14:01:45,1,,DI
1420259,M*** C***,ET*****,DLM,ESB,PC,3121,226,2025-08-14 14:01:46,0,Uçuş Bulunamadı!,DD
1485213,P*** M***,PM*****,DLM,AMS,J2,062,226,2025-08-14 14:01:51,1,,DD
1486405,T*** V***,ET*****,IST,AMS,TK,404,226,2025-08-14 14:01:52,1,,DI
1434810,H*** O***,PM*****,IST,IST,VF,062,226,2025-08-14 14:01:55,1,,DI
1463471,W*** D***,EY*****,SAW,GYD,HV,3121,226,2025-08-14 14:01:57,1,,DI
1407946,V*** H***,E3*****,IST,ESB,ZF,2555,226,2025-08-14 14:02:11,1,,DI
1415367,M*** R***,EV*****,ESB,IST,ZF,3121,226,2025-08-14 14:02:14,0,Bilet Tarihi Uyumsuz!,DI
1405091,O*** R***,EV*****,SAW,SAW,HV,062,226,2025-08-14 14:02:23,1,,DI
1476147,H*** C***,EW*****,SAW,ESB,J2,2285,226,2025-08-14 14:02:35,1,,DD
1493507,M*** M***,EV*****,SAW,IST,J2,062,226,2025-08-14 14:02:42,1,,DI
1410762,U*** O***,EW*****,IST,SAW,PC,3121,226,2025-08-14 14:02:51,1,,DI
1425434,R*** G***,E3*****,IST,ESB,ZF,404,226,2025-08-14 14:02:52,1,,DI
1407316,V*** D***,EV*****,IST,SAW,HV,3121,226,2025-08-14 14:03:07,1,,DD
1401831,D*** B***,EY*****,DLM,ESB,TK,404,226,2025-08-14 14:03:17,1,,DD
1476874,H*** B***,PM*****,ESB,IST,ZF,2285,226,2025-08-14 14:03:52,0,Bilet Tarihi Uyumsuz!,DI
1478402,N*** E***,PM*****,SAW,IST,HV,062,226,2025-08-14 14:04:02,1,,DD
1412036,C*** Z***,EV*****,DLM,SAW,PC,2555,226,2025-08-14 14:04:11,0,Bilet Tarihi Uyumsuz!,DI
1467993,E*** V***,E3*****,SAW,AMS,ZF,062,226,2025-08-14 14:04:16,1,,DD
1447616,T*** C***,E3*****,DLM,GYD,J2,2285,226,2025-08-14 14:04:19,1,,DI
1443599,E*** C***,EW*****,IST,SAW,VF,404,226,2025-08-14 14:04:22,1,,DI
1435369,D*** C***,EY*****,SAW,SAW,TK,062,226,2025-08-14 14:04:26,1,,DI
1447736,E*** B***,E3*****,DLM,IST,J2,2555,226,2025-08-14 14:04:27,1,,DD
1458762,Z*** J***,E3*****,ESB,IST,J2,404,226,2025-08-14 14:04:32,1,,DI
1438911,K*** J***,EV*****,IST,IST,TK,404,226,2025-08-14 14:04:59,1,,DI
1429467,O*** X***,EW*****,SAW,SAW,ZF,062,226,2025-08-14 14:05:06,1,,DI
1469748,G*** C***,ET*****,DLM,AMS,HV,3121,226,2025-08-14 14:05:09,1,,DI
1400714,L*** P***,PM*****,ESB,GYD,J2,404,226,2025-08-14 14:05:12,0,Bilet Tarihi Uyumsuz!,DD
1458480,F*** J***,PM*****,ESB,IST,TK,3121,226,2025-08-14 14:05:16,1,,DD
1409505,X*** M***,E3*****,DLM,ESB,J2,4071,226,2025-08-14 14:05:17,1,,DD
1484661,B*** S***,EV*****,SAW,ESB,TK,4071,226,2025-08-14 14:05:18,1,,DD
1427488,Z*** T***,E3*****,DLM,IST,J2,4071,226,2025-08-14 14:05:28,1,,DD
1410242,N*** R***,EY*****,SAW,ESB,J2,2555,226,2025-08-14 14:05:36,1,,DD
1465305,V*** N***,ET*****,ESB,ESB,HV,3121,226,2025-08-14 14:05:45,1,,DD
1454430,X*** F***,EW*****,IST,IST,J2,2555,226,2025-08-14 14:05:54,1,,DD
1432687,K*** Q***,EY*****,DLM,SAW,TK,404,226,2025-08-14 14:05:55,1,,DI
1494470,R*** H***,EY*****,IST,ESB,PC,2285,226,2025-08-14 14:06:15,1,,DD
1452062,M*** D***,ET*****,SAW,AMS,PC,2285,226,2025-08-14 14:06:17,1,,DD
1491828,S*** O***,PM*****,SAW,GYD,HV,404,226,2025-08-14 14:06:20,1,,DD
1458808,Q*** C***,EY*****,DLM,IST,ZF,2555,226,2025-08-14 14:06:39,1,,DI
1419069,W*** C***,EV*****,SAW,IST,J2,2285,226,2025-08-14 14:06:44,1,,DI
1436958,E*** L***,E3*****,SAW,ESB,ZF,062,226,2025-08-14 14:06:50,0,Uçuş Bulunamadı!,DI
1465821,Z*** D***,EY*****,DLM,IST,ZF,2555,226,2025-08-14 14:07:03,1,,DD
1433576,Q*** F***,E3*****,DLM,AMS,J2,4071,226,2025-08-14 14:07:07,1,,DI
1462292,N*** U***,E3*****,IST,ESB,TK,4071,226,2025-08-14 14:07:20,1,,DD
1488414,V*** Y***,ET*****,ESB,AMS,PC,2555,226,2025-08-14 14:07:22,1,,DD
1435922,M*** T***,PM*****,DLM,GYD,J2,3121,226,2025-08-14 14:07:33,1,,DI
1426614,Y*** R***,PM*****,ESB,GYD,J2,3121,226,2025-08-14 14:07:52,1,,DD
1494632,S*** F***,EW*****,DLM,GYD,ZF,2285,226,2025-08-14 14:07:55,1,,DI
1486865,C*** E***,PM*****,DLM,GYD,ZF,062,226,2025-08-14 14:08:19,1,,DD
1495538,T*** Z***,EV*****,ESB,IST,TK,2285,226,2025-08-14 14:08:21,0,Uçuş Bulunamadı!,DD
1484080,Q*** M***,ET*****,SAW,ESB,J2,062,226,2025-08-14 14:08:34,1,,DD
1438093,J*** J***,PM*****,DLM,GYD,VF,404,226,2025-08-14 14:08:36,1,,DI
1415076,F*** N***,ET*****,IST,GYD,VF,062,226,2025-08-14 14:08:53,0,Bilet Kullanılmış!,DD
1485137,F*** F***,ET*****,SAW,IST,HV,404,226,2025-08-14 14:09:04,1,,DD
1435516,U*** V***,PM*****,IST,ESB,VF,3121,226,2025-08-14 14:09:08,0,Uçuş Bulunamadı!,DI
1418556,V*** Z***,PM*****,SAW,SAW,ZF,404,226,2025-08-14 14:09:28,1,,DI
1408954,L*** D***,ET*****,IST,AMS,J2,4071,226,2025-08-14 14:09:30,1,,DI
1420120,A*** Y***,E3*****,ESB,ESB,PC,404,226,2025-08-14 14:09:47,1,,DI
1494398,E*** H***,EY*****,DLM,SAW,ZF,2555,226,2025-08-14 14:10:11,1,,DI
1452222,N*** C***,EW*****,IST,IST,HV,2285,226,2025-08-14 14:10:15,1,,DI
1480177,U*** P***,PM*****,SAW,ESB,PC,2555,226,2025-08-14 14:10:19,1,,DD
1413958,Q*** O***,PM*****,IST,IST,VF,2285,226,2025-08-14 14:10:20,1,,DD
1463926,M*** U***,EY*****,ESB,SAW,J2,062,226,2025-08-14 14:10:21,1,,DD
1479734,G*** M***,E3*****,ESB,AMS,VF,4071,226,2025-08-14 14:10:39,1,,DD
1409293,L*** S***,EW*****,SAW,AMS,TK,2555,226,2025-08-14 14:10:40,1,,DI
1475440,D*** J***,EY*****,IST,ESB,TK,062,226,2025-08-14 14:10:53,0,Uçuş Bulunamadı!,DI
1461164,U*** O***,PM*****,SAW,SAW,J2,404,226,2025-08-14 14:10:55,1,,DI
1482598,P*** D***,E3*****,ESB,AMS,J2,062,226,2025-08-14 14:10:58,1,,DI
1439626,L*** W***,E3*****,ESB,ESB,J2,3121,226,2025-08-14 14:11:02,1,,DD
1451367,M*** D***,EW*****,SAW,ESB,VF,4071,226,2025-08-14 14:11:20,1,,DI
1455346,E*** E***,EW*****,ESB,ESB,J2,4071,226,2025-08-14 14:11:29,1,,DI
1420780,K*** C***,EW*****,SAW,SAW,VF,2555,226,2025-08-14 14:11:56,1,,DD
1476197,Z*** Q***,E3*****,ESB,IST,HV,3121,226,2025-08-14 14:12:08,1,,DD
1404237,O*** L***,E3*****,SAW,IST,HV,062,226,2025-08-14 14:12:29,1,,DD
1446827,N*** E***,EW*****,IST,ESB,VF,062,226,2025-08-14 14:12:42,1,,DI
1495338,I*** S***,ET*****,SAW,ESB,ZF,2285,226,2025-08-14 14:12:44,1,,DI
1475619,F*** A***,EW*****,IST,ESB,ZF,4071,226,2025-08-14 14:12:52,1,,DI
1458953,J*** Q***,EW*****,IST,IST,HV,2285,226,2025-08-14 14:13:12,1,,DI
1458614,N*** P***,EV*****,IST,AMS,PC,404,226,2025-08-14 14:13:24,0,PNR Geçersiz!,DI
1479019,T*** D***,EY*****,IST,GYD,HV,404,226,2025-08-14 14:13:46,1,,DD
1478311,Y*** E***,EW*****,SAW,ESB,PC,3121,226,2025-08-14 14:13:49,1,,DD
1457062,P*** H***,EV*****,SAW,GYD,HV,2285,226,2025-08-14 14:13:54,1,,DD
1467620,T*** X***,EY*****,SAW,AMS,PC,4071,226,2025-08-14 14:13:55,1,,DI
1455874,D*** E***,EV*****,ESB,SAW,VF,2555,226,2025-08-14 14:13:59,1,,DI
1446377,U*** W***,ET*****,DLM,IST,HV,4071,226,2025-08-14 14:14:01,1,,DI
1409919,A*** D***,EV*****,SAW,GYD,TK,404,226,2025-08-14 14:14:03,1,,DI
1471179,T*** W***,ET*****,DLM,GYD,ZF,2555,226,2025-08-14 14:14:07,1,,DI
1482878,O*** T***,EW*****,DLM,AMS,ZF,2555,226,2025-08-14 14:14:14,0,Bilet Tarihi Uyumsuz!,DI
1450519,C*** R***,EY*****,DLM,AMS,TK,2285,226,2025-08-14 14:14:15,1,,DI
1483378,H*** P***,E3*****,SAW,SAW,PC,4071,226,2025-08-14 14:14:18,1,,DI
1432942,B*** D***,ET*****,ESB,SAW,VF,3121,226,2025-08-14 14:14:32,1,,DD
1481159,Y*** G***,ET*****,SAW,IST,HV,2555,226,2025-08-14 14:14:33,1,,DD
1459490,K*** J***,PM*****,DLM,AMS,J2,062,226,2025-08-14 14:14:51,1,,DD
1498465,V*** A***,E3*****,DLM,IST,TK,2285,226,2025-08-14 14:15:00,1,,DI
1414936,P*** Q***,EV*****,IST,IST,PC,4071,226,2025-08-14 14:15:02,1,,DD
1440423,U*** E***,EW*****,IST,SAW,PC,3121,226,2025-08-14 14:15:24,1,,DD
1415528,O*** G***,EW*****,ESB,SAW,VF,062,226,2025-08-14 14:15:29,1,,DD
1419590,V*** J***,E3*****,DLM,AMS,PC,404,226,2025-08-14 14:15:30,1,,DD
1462123,Q*** Y***,ET*****,DLM,SAW,PC,2285,226,2025-08-14 14:15:33,1,,DI
1468850,B*** R***,EV*****,DLM,IST,TK,4071,226,2025-08-14 14:15:38,1,,DD
1476296,W*** L***,ET*****,IST,IST,ZF,2555,226,2025-08-14 14:15:42,1,,DI
1492666,Z*** G***,PM*****,IST,ESB,HV,3121,226,2025-08-14 14:16:12,1,,DD
1422755,X*** E***,EV*****,IST,GYD,PC,2285,226,2025-08-14 14:16:41,1,,DD
1453324,J*** J***,EW*****,IST,ESB,PC,2285,226,2025-08-14 14:16:55,1,,DD
1425153,B*** D***,ET*****,SAW,ESB,J2,3121,226,2025-08-14 14:16:57,1,,DD
1448151,A*** I***,E3*****,DLM,GYD,PC,404,226,2025-08-14 14:17:18,1,,DI
1413572,T*** N***,EV*****,SAW,SAW,ZF,2285,226,2025-08-14 14:17:27,1,,DD
1479893,U*** X***,EW*****,ESB,AMS,ZF,2285,226,2025-08-14 14:17:44,1,,DD
1465151,Z*** X***,PM*****,DLM,ESB,J2,4071,226,2025-08-14 14:17:47,1,,DI
1423661,R*** D***,ET*****,DLM,AMS,HV,4071,226,2025-08-14 14:18:11,1,,DI
1433110,O*** O***,PM*****,IST,GYD,TK,2285,226,2025-08-14 14:18:16,1,,DD
1425025,G*** Q***,ET*****,IST,AMS,TK,4071,226,2025-08-14 14:18:20,1,,DI
1443380,R*** J***,PM*****,SAW,ESB,ZF,4071,226,2025-08-14 14:18:50,0,Bilet Kullanılmış!,DD
1494687,D*** A***,EY*****,IST,SAW,HV,3121,226,2025-08-14 14:18:52,1,,DI
1498559,Y*** F***,EW*****,IST,SAW,J2,4071,226,2025-08-14 14:19:11,1,,DD
1490736,U*** B***,EY*****,IST,SAW,ZF,3121,226,2025-08-14 14:19:32,1,,DD
1486174,K*** H***,ET*****,DLM,IST,TK,2285,226,2025-08-14 14:19:39,1,,DD
1457076,C*** L***,PM*****,SAW,GYD,J2,062,226,2025-08-14 14:19:56,1,,DI
1465532,D*** R***,E3*****,IST,GYD,ZF,2555,226,2025-08-14 14:20:10,1,,DD
1472939,M*** F***,PM*****,IST,ESB,VF,3121,226,2025-08-14 14:20:23,1,,DI
1417810,G*** S***,EW*****,DLM,GYD,ZF,3121,226,2025-08-14 14:20:24,0,PNR Geçersiz!,DD
1428543,M*** E***,EY*****,DLM,SAW,PC,2285,226,2025-08-14 14:20:25,1,,DI
1469681,E*** Y***,ET*****,IST,ESB,VF,062,226,2025-08-14 14:20:26,1,,DI
1463619,Y*** F***,ET*****,IST,ESB,PC,2285,226,2025-08-14 14:21:05,0,PNR Geçersiz!,DD
1462156,V*** Z***,EV*****,ESB,AMS,TK,2285,226,2025-08-14 14:21:29,1,,DD
1457697,Y*** Q***,ET*****,DLM,SAW,PC,3121,226,2025-08-14 14:21:36,1,,DI
1440144,T*** K***,EV*****,ESB,ESB,J2,062,226,2025-08-14 14:21:37,1,,DD
1406367,S*** B***,EV*****,IST,SAW,HV,2285,226,2025-08-14 14:21:45,1,,DD
1410542,N*** I***,ET*****,SAW,ESB,TK,3121,226,2025-08-14 14:21:48,1,,DD
1414328,M*** L***,EW*****,DLM,GYD,TK,2555,226,2025-08-14 14:21:51,1,,DI
1456774,Q*** K***,PM*****,ESB,AMS,TK,2285,226,2025-08-14 14:22:11,1,,DI
1406298,C*** U***,E3*****,SAW,GYD,PC,062,226,2025-08-14 14:22:19,1,,DI
1485204,G*** E***,PM*****,DLM,GYD,J2,4071,226,2025-08-14 14:22:25,0,PNR Geçersiz!,DD
1476542,X*** G***,ET*****,IST,AMS,TK,2555,226,2025-08-14 14:22:29,1,,DI
1428581,F*** A***,E3*****,IST,SAW,TK,4071,226,2025-08-14 14:22:30,1,,DD
1428742,I*** E***,EV*****,DLM,SAW,HV,2555,226,2025-08-14 14:22:34,1,,DI
1496953,X*** G***,EY*****,SAW,ESB,HV,2555,226,2025-08-14 14:22:57,1,,DI
1426249,W*** C***,EV*****,SAW,AMS,ZF,2555,226,2025-08-14 14:23:00,1,,DI
1463840,Z*** G***,EV*****,IST,IST,HV,062,226,2025-08-14 14:23:37,0,PNR Geçersiz!,DD
1466593,X*** B***,EY*****,DLM,ESB,J2,4071,226,2025-08-14 14:23:39,1,,DI
1429488,L*** L***,ET*****,ESB,IST,VF,404,226,2025-08-14 14:23:40,1,,DI
1419253,X*** N***,E3*****,IST,SAW,ZF,062,226,2025-08-14 14:23:49,1,,DI
1422208,Y*** K***,PM*****,SAW,IST,ZF,2555,226,2025-08-14 14:24:16,0,Uçuş Bulunamadı!,DI
1414193,L*** Q***,PM*****,DLM,AMS,VF,3121,226,2025-08-14 14:24:21,1,,DI
1454409,I*** F***,EW*****,DLM,ESB,HV,2555,226,2025-08-14 14:25:12,1,,DD
1464602,P*** S***,EW*****,IST,IST,HV,2285,226,2025-08-14 14:25:20,1,,DD
1463928,T*** Z***,E3*****,IST,IST,HV,062,226,2025-08-14 14:25:52,1,,DI
1466634,X*** B***,E3*****,DLM,SAW,VF,2555,226,2025-08-14 14:25:59,1,,DD
1474035,W*** V***,EY*****,IST,IST,ZF,2285,226,2025-08-14 14:26:03,1,,DD
1450139,V*** B***,EY*****,DLM,ESB,PC,062,226,2025-08-14 14:26:04,1,,DD
1487906,F*** D***,E3*****,DLM,GYD,J2,2555,226,2025-08-14 14:26:06,1,,DI
1421417,F*** S***,ET*****,SAW,AMS,PC,2555,226,2025-08-14 14:26:07,1,,DI
1432379,B*** D***,E3*****,SAW,ESB,TK,4071,226,2025-08-14 14:26:10,1,,DI
1407102,N*** H***,EV*****,IST,GYD,PC,3121,226,2025-08-14 14:26:31,1,,DI
1473877,U*** S***,ET*****,DLM,ESB,J2,3121,226,2025-08-14 14:26:35,1,,DD
1405527,E*** A***,EY*****,DLM,SAW,HV,4071,226,2025-08-14 14:26:49,0,Bilet Kullanılmış!,DD
1450474,Z*** L***,EV*****,ESB,IST,TK,3121,226,2025-08-14 14:27:00,1,,DD
1432325,A*** V***,PM*****,IST,SAW,ZF,2285,226,2025-08-14 14:27:02,1,,DD
1438631,H*** H***,E3*****,IST,ESB,TK,2555,226,2025-08-14 14:27:03,1,,DI
1424530,D*** P***,PM*****,SAW,AMS,TK,404,226,2025-08-14 14:27:06,1,,DI
1492054,A*** L***,EV*****,DLM,ESB,HV,062,226,2025-08-14 14:27:26,1,,DD
1436566,T*** K***,PM*****,IST,SAW,VF,404,226,2025-08-14 14:27:59,1,,DI
1457896,V*** L***,EV*****,DLM,IST,VF,062,226,2025-08-14 14:28:14,1,,DI
1411024,M*** D***,EY*****,DLM,SAW,TK,404,226,2025-08-14 14:28:39,1,,DI
1462009,L*** R***,ET*****,DLM,SAW,ZF,3121,226,2025-08-14 14:28:42,0,Bilet Kullanılmış!,DI
1449790,W*** W***,EY*****,SAW,ESB,J2,4071,226,2025-08-14 14:28:54,1,,DD
1441943,Z*** A***,EV*****,ESB,AMS,ZF,062,226,2025-08-14 14:28:55,1,,DD
1416267,B*** Q***,EV*****,SAW,AMS,PC,2555,226,2025-08-14 14:28:59,1,,DI
1420794,N*** D***,E3*****,IST,ESB,ZF,4071,226,2025-08-14 14:29:11,1,,DD
1411828,F*** B***,E3*****,SAW,IST,J2,2555,226,2025-08-14 14:29:17,0,Bilet Tarihi Uyumsuz!,DD
1467824,J*** O***,EV*****,IST,GYD,ZF,3121,226,2025-08-14 14:29:25,1,,DD
1428259,S*** I***,EW*****,SAW,AMS,HV,404,226,2025-08-14 14:29:41,1,,DD
1423384,I*** L***,EY*****,DLM,SAW,HV,2285,226,2025-08-14 14:29:57,1,,DD
1420228,M*** F***,PM*****,DLM,GYD,ZF,062,226,2025-08-14 14:29:59,1,,DI
1414834,D*** Z***,E3*****,DLM,IST,VF,4071,226,2025-08-14 14:30:13,1,,DD
1411393,A*** Q***,ET*****,ESB,SAW,HV,2555,226,2025-08-14 14:30:27,1,,DI
1445900,S*** C***,EY*****,SAW,SAW,ZF,4071,226,2025-08-14 14:30:45,1,,DI
1487742,B*** I***,PM*****,ESB,ESB,PC,4071,226,2025-08-14 14:31:01,1,,DI
1478774,Z*** G***,EW*****,SAW,IST,J2,4071,226,2025-08-14 14:31:05,0,Bilet Kullanılmış!,DI
1421167,H*** S***,EV*****,ESB,SAW,TK,3121,226,2025-08-14 14:31:07,1,,DI
1404170,O*** U***,EY*****,IST,GYD,ZF,2285,226,2025-08-14 14:31:11,1,,DI
1436306,Z*** B***,EY*****,ESB,AMS,TK,2285,226,2025-08-14 14:31:12,1,,DD
1441424,E*** G***,EW*****,IST,IST,PC,2555,226,2025-08-14 14:31:14,1,,DD
1491323,N*** W***,EV*****,SAW,AMS,J2,4071,226,2025-08-14 14:31:34,1,,DI
1494030,U*** I***,ET*****,ESB,GYD,ZF,3121,226,2025-08-14 14:31:42,1,,DD
1452203,Y*** M***,EY*****,DLM,SAW,J2,2285,226,2025-08-14 14:31:43,1,,DI
1463677,J*** C***,EW*****,SAW,GYD,TK,404,226,2025-08-14 14:31:57,0,Bilet Tarihi Uyumsuz!,DD
1475967,C*** Y***,E3*****,IST,SAW,VF,062,226,2025-08-14 14:32:03,1,,DD
1439025,H*** K***,EW*****,IST,GYD,ZF,062,226,2025-08-14 14:32:04,1,,DD
1478179,R*** B***,PM*****,DLM,IST,J2,3121,226,2025-08-14 14:32:07,1,,DD
1450036,W*** Y***,E3*****,ESB,IST,VF,2285,226,2025-08-14 14:32:14,1,,DD
1437496,L*** U***,EY*****,SAW,AMS,VF,404,226,2025-08-14 14:32:23,1,,DD
1475781,J*** W***,EV*****,SAW,AMS,HV,404,226,2025-08-14 14:32:25,1,,DD
1406841,U*** O***,ET*****,IST,ESB,TK,062,226,2025-08-14 14:32:27,1,,DI
1466783,E*** C***,PM*****,SAW,SAW,ZF,062,226,2025-08-14 14:32:31,1,,DI
1428222,Z*** K***,EY*****,IST,SAW,VF,3121,226,2025-08-14 14:32:35,1,,DI
1407001,G*** S***,EV*****,SAW,AMS,HV,4071,226,2025-08-14 14:33:52,1,,DI
1449833,T*** C***,EW*****,IST,ESB,J2,2555,226,2025-08-14 14:34:00,1,,DI
1406541,H*** L***,EW*****,IST,IST,TK,062,226,2025-08-14 14:34:12,1,,DD
1466460,Q*** U***,EY*****,IST,ESB,VF,2555,226,2025-08-14 14:34:21,1,,DD
1422064,Q*** L***,PM*****,ESB,AMS,TK,2285,226,2025-08-14 14:34:25,1,,DI
1474279,D*** H***,PM*****,SAW,AMS,HV,404,226,2025-08-14 14:34:44,1,,DI
1493374,W*** J***,ET*****,SAW,SAW,TK,4071,226,2025-08-14 14:35:28,1,,DD
1451098,V*** S***,EY*****,ESB,AMS,HV,2555,226,2025-08-14 14:35:30,1,,DI
1412252,D*** Q***,ET*****,IST,AMS,PC,2285,226,2025-08-14 14:35:34,1,,DD
1410862,F*** M***,EW*****,DLM,SAW,J2,4071,226,2025-08-14 14:35:38,1,,DD
1423452,J*** R***,PM*****,SAW,GYD,PC,2285,226,2025-08-14 14:35:39,1,,DD
1423377,V*** Y***,PM*****,SAW,AMS,PC,3121,226,2025-08-14 14:35:43,1,,DI
1429164,J*** Y***,EV*****,DLM,ESB,PC,2285,226,2025-08-14 14:35:46,1,,DI
1422920,L*** D***,PM*****,IST,SAW,J2,2285,226,2025-08-14 14:35:51,1,,DD
1461247,A*** B***,EY*****,SAW,AMS,VF,062,226,2025-08-14 14:36:08,0,Bilet Tarihi Uyumsuz!,DD
1459778,M*** E***,PM*****,IST,GYD,HV,062,226,2025-08-14 14:36:10,1,,DI
1494952,U*** P***,EW*****,IST,ESB,TK,404,226,2025-08-14 14:36:16,1,,DD
1451768,M*** G***,EY*****,SAW,ESB,J2,062,226,2025-08-14 14:36:19,1,,DD
1423392,G*** L***,EY*****,ESB,GYD,HV,404,226,2025-08-14 14:36:20,1,,DD
1436980,W*** W***,EV*****,ESB,AMS,VF,2285,226,2025-08-14 14:36:38,1,,DD
1482928,O*** U***,EW*****,DLM,GYD,HV,062,226,2025-08-14 14:36:47,1,,DI
1444968,D*** Q***,PM*****,IST,SAW,PC,2555,226,2025-08-14 14:36:48,1,,DI
1466125,J*** R***,EW*****,ESB,GYD,TK,3121,226,2025-08-14 14:37:06,1,,DI
1424267,G*** N***,PM*****,SAW,GYD,VF,3121,226,2025-08-14 14:37:08,0,Uçuş Bulunamadı!,DD
1430231,J*** S***,E3*****,IST,AMS,VF,4071,226,2025-08-14 14:37:10,0,PNR Geçersiz!,DI
1475831,I*** B***,PM*****,DLM,GYD,J2,2285,226,2025-08-14 14:37:12,0,Bilet Kullanılmış!,DI
1437390,U*** O***,E3*****,DLM,ESB,J2,2555,226,2025-08-14 14:37:20,1,,DI
1454575,V*** Z***,ET*****,SAW,GYD,ZF,2285,226,2025-08-14 14:37:27,1,,DD
1401225,Q*** W***,EY*****,ESB,IST,PC,2555,226,2025-08-14 14:37:33,1,,DD
1448088,F*** S***,EW*****,IST,GYD,PC,404,226,2025-08-14 14:37:37,1,,DD
1428268,H*** K***,E3*****,ESB,AMS,J2,062,226,2025-08-14 14:37:42,1,,DD
1470877,B*** M***,ET*****,IST,SAW,ZF,2555,226,2025-08-14 14:37:46,1,,DD
1418068,G*** T***,EW*****,SAW,GYD,HV,062,226,2025-08-14 14:38:04,1,,DD
1460772,U*** W***,PM*****,DLM,GYD,HV,4071,226,2025-08-14 14:38:09,1,,DI
1431252,X*** Z***,EY*****,IST,GYD,PC,3121,226,2025-08-14 14:38:11,0,PNR Geçersiz!,DD
1446132,P*** O***,ET*****,SAW,IST,PC,2285,226,2025-08-14 14:38:12,1,,DD
1419647,Q*** A***,EV*****,ESB,GYD,J2,062,226,2025-08-14 14:38:19,1,,DI
1405061,J*** I***,EV*****,IST,IST,VF,3121,226,2025-08-14 14:38:23,1,,DD
1448574,Z*** E***,E3*****,ESB,SAW,VF,404,226,2025-08-14 14:38:48,1,,DI
1469119,D*** D***,EW*****,IST,SAW,ZF,404,226,2025-08-14 14:38:53,1,,DD
1482397,U*** V***,PM*****,IST,SAW,J2,3121,226,2025-08-14 14:38:58,1,,DD
1420735,Q*** N***,ET*****,IST,SAW,J2,4071,226,2025-08-14 14:39:00,1,,DI
1481012,N*** V***,EV*****,IST,IST,TK,3121,226,2025-08-14 14:39:04,1,,DD
1423265,Y*** T***,EW*****,SAW,IST,HV,2555,226,2025-08-14 14:39:23,1,,DD
1431647,L*** H***,EV*****,SAW,AMS,VF,2555,226,2025-08-14 14:39:28,1,,DD
1419622,U*** J***,E3*****,IST,IST,HV,062,226,2025-08-14 14:39:40,1,,DD
1457032,A*** Y***,EW*****,SAW,SAW,VF,404,226,2025-08-14 14:40:03,1,,DI
1463171,C*** D***,PM*****,SAW,IST,HV,2555,226,2025-08-14 14:40:23,1,,DI
1499837,C*** D***,E3*****,IST,SAW,VF,2285,226,2025-08-14 14:40:26,0,Bilet Kullanılmış!,DI
1462728,X*** B***,PM*****,ESB,AMS,J2,3121,226,2025-08-14 14:40:27,1,,DI
1440939,Q*** X***,E3*****,SAW,ESB,VF,062,226,2025-08-14 14:40:32,1,,DD
1492426,T*** C***,EW*****,DLM,ESB,PC,062,226,2025-08-14 14:41:00,1,,DD
1438833,Q*** R***,E3*****,ESB,IST,VF,4071,226,2025-08-14 14:41:02,1,,DD
1491309,R*** S***,EV*****,IST,GYD,TK,2285,226,2025-08-14 14:41:36,1,,DD
1478640,R*** K***,EV*****,IST,ESB,VF,2285,226,2025-08-14 14:41:42,0,Bilet Kullanılmış!,DD
1441899,G*** K***,EY*****,SAW,GYD,HV,3121,226,2025-08-14 14:41:50,1,,DI
1404993,J*** M***,EY*****,SAW,ESB,ZF,2285,226,2025-08-14 14:42:11,0,Bilet Tarihi Uyumsuz!,DD
1490874,Y*** N***,EV*****,SAW,AMS,ZF,2555,226,2025-08-14 14:42:13,1,,DI
1483083,H*** J***,EV*****,ESB,IST,HV,4071,226,2025-08-14 14:42:17,1,,DI
1482726,D*** H***,EV*****,SAW,IST,TK,3121,226,2025-08-14 14:42:25,1,,DD
1485171,T*** Z***,EY*****,IST,ESB,J2,404,226,2025-08-14 14:42:35,1,,DI
1417705,I*** H***,ET*****,ESB,GYD,HV,2285,226,2025-08-14 14:42:49,1,,DD
1443116,C*** M***,EV*****,SAW,AMS,ZF,062,226,2025-08-14 14:43:05,1,,DD
1407162,A*** L***,EV*****,SAW,ESB,J2,2285,226,2025-08-14 14:43:32,1,,DD
1483675,E*** W***,PM*****,IST,ESB,PC,404,226,2025-08-14 14:43:42,1,,DI
1447507,L*** J***,EY*****,SAW,AMS,PC,2285,226,2025-08-14 14:43:47,1,,DD
1413737,A*** K***,E3*****,SAW,SAW,ZF,2555,226,2025-08-14 14:43:48,1,,DI
1456430,N*** D***,ET*****,IST,AMS,PC,062,226,2025-08-14 14:44:02,1,,DI
1409190,V*** U***,ET*****,ESB,AMS,HV,4071,226,2025-08-14 14:44:14,1,,DI
1426000,F*** X***,EY*****,DLM,IST,J2,062,226,2025-08-14 14:44:21,1,,DI
1458131,K*** O***,EY*****,DLM,IST,TK,062,226,2025-08-14 14:44:25,1,,DI
1415497,U*** X***,ET*****,SAW,ESB,HV,3121,226,2025-08-14 14:44:56,1,,DI
1408529,M*** G***,EW*****,SAW,IST,HV,062,226,2025-08-14 14:45:06,1,,DI
1499974,M*** M***,EY*****,DLM,GYD,VF,2555,226,2025-08-14 14:45:15,1,,DI
1456695,C*** A***,EV*****,DLM,SAW,VF,2555,226,2025-08-14 14:45:16,1,,DD
1405285,D*** A***,EW*****,ESB,GYD,J2,062,226,2025-08-14 14:45:35,0,Uçuş Bulunamadı!,DI
1495131,Z*** U***,EY*****,IST,IST,TK,2285,226,2025-08-14 14:45:49,1,,DD
1458762,D*** T***,PM*****,ESB,AMS,J2,062,226,2025-08-14 14:45:50,1,,DI
1453737,H*** U***,EV*****,IST,IST,TK,2555,226,2025-08-14 14:45:54,1,,DD
1480771,S*** O***,EW*****,ESB,ESB,HV,2555,226,2025-08-14 14:46:06,1,,DI
1470770,E*** L***,ET*****,ESB,SAW,PC,2555,226,2025-08-14 14:46:11,1,,DI
1474229,L*** G***,EW*****,ESB,SAW,TK,2555,226,2025-08-14 14:46:24,1,,DI
1451613,F*** Y***,EY*****,ESB,GYD,J2,2285,226,2025-08-14 14:46:45,1,,DD
1451590,X*** J***,EY*****,SAW,ESB,ZF,062,226,2025-08-14 14:47:15,0,Uçuş Bulunamadı!,DI
1485090,L*** O***,EV*****,DLM,GYD,HV,2555,226,2025-08-14 14:47:35,1,,DI
1446733,Z*** O***,PM*****,IST,IST,J2,404,226,2025-08-14 14:47:43,1,,DD
1420314,J*** D***,EW*****,ESB,GYD,PC,2285,226,2025-08-14 14:48:05,1,,DD
1409615,X*** N***,ET*****,ESB,AMS,PC,2285,226,2025-08-14 14:48:22,1,,DD
1461543,J*** B***,EW*****,DLM,ESB,J2,3121,226,2025-08-14 14:48:32,1,,DI
1464712,S*** D***,EV*****,DLM,ESB,VF,4071,226,2025-08-14 14:48:52,1,,DD
1422672,O*** A***,EY*****,IST,SAW,HV,3121,226,2025-08-14 14:48:59,1,,DD
1476845,J*** W***,EV*****,IST,ESB,PC,404,226,2025-08-14 14:49:18,1,,DI
1462038,G*** Y***,ET*****,IST,GYD,TK,2555,226,2025-08-14 14:49:45,1,,DI
1414081,P*** X***,PM*****,IST,ESB,ZF,062,226,2025-08-14 14:49:48,1,,DI
1437434,T*** M***,ET*****,DLM,ESB,VF,2555,226,2025-08-14 14:50:00,1,,DI
1431155,U*** G***,PM*****,IST,ESB,TK,2285,226,2025-08-14 14:50:01,1,,DD
1433800,P*** K***,PM*****,ESB,IST,HV,062,226,2025-08-14 14:50:02,1,,DI
1437428,Z*** U***,PM*****,DLM,AMS,PC,404,226,2025-08-14 14:50:03,1,,DI
1437982,B*** M***,EW*****,SAW,GYD,J2,2285,226,2025-08-14 14:50:04,1,,DI
1468997,A*** N***,EW*****,ESB,SAW,TK,062,226,2025-08-14 14:50:23,1,,DI
1471600,U*** X***,E3*****,DLM,IST,TK,404,226,2025-08-14 14:50:38,1,,DI
1497588,H*** K***,ET*****,DLM,ESB,J2,2285,226,2025-08-14 14:50:44,1,,DD
1445586,X*** V***,ET*****,IST,AMS,TK,2285,226,2025-08-14 14:50:55,1,,DD
1428102,A*** W***,EW*****,SAW,IST,PC,404,226,2025-08-14 14:51:13,1,,DI
1433803,B*** R***,EY*****,SAW,IST,VF,3121,226,2025-08-14 14:51:19,1,,DI
1435303,W*** J***,EW*****,IST,SAW,ZF,3121,226,2025-08-14 14:51:40,1,,DD
1474852,A*** F***,EY*****,DLM,AMS,PC,062,226,2025-08-14 14:51:42,1,,DD
1404702,O*** I***,PM*****,ESB,IST,PC,3121,226,2025-08-14 14:51:45,0,Bilet Tarihi Uyumsuz!,DD
1454102,X*** U***,ET*****,SAW,GYD,J2,062,226,2025-08-14 14:51:46,1,,DD
1403809,M*** W***,EV*****,IST,SAW,ZF,4071,226,2025-08-14 14:51:52,1,,DI
1492651,W*** D***,PM*****,ESB,ESB,J2,2285,226,2025-08-14 14:51:54,1,,DI
1426548,E*** I***,EY*****,DLM,SAW,ZF,404,226,2025-08-14 14:51:56,1,,DI
1459073,X*** B***,EY*****,DLM,ESB,HV,4071,226,2025-08-14 14:52:03,1,,DD
1492933,D*** R***,EW*****,IST,AMS,PC,404,226,2025-08-14 14:52:06,1,,DI
1469670,P*** V***,EV*****,IST,AMS,VF,4071,226,2025-08-14 14:52:09,1,,DD
1481016,M*** V***,E3*****,ESB,IST,TK,2555,226,2025-08-14 14:52:13,1,,DI
1414037,R*** T***,EV*****,IST,SAW,HV,4071,226,2025-08-14 14:52:15,1,,DD
1416196,E*** W***,ET*****,ESB,GYD,PC,062,226,2025-08-14 14:52:29,1,,DD
1457695,Y*** T***,EY*****,ESB,SAW,VF,062,226,2025-08-14 14:52:45,1,,DD
1403757,X*** T***,PM*****,ESB,ESB,PC,2555,226,2025-08-14 14:52:47,1,,DD
1495079,L*** R***,EY*****,IST,IST,PC,404,226,2025-08-14 14:52:55,1,,DI
1436481,E*** V***,PM*****,IST,GYD,TK,3121,226,2025-08-14 14:53:06,1,,DI
1434304,N*** Y***,E3*****,SAW,SAW,HV,4071,226,2025-08-14 14:53:10,1,,DD
1425993,P*** Y***,E3*****,DLM,GYD,HV,2555,226,2025-08-14 14:53:36,1,,DI
1405781,Z*** V***,E3*****,IST,SAW,TK,2285,226,2025-08-14 14:53:39,1,,DD
1414966,Q*** U***,PM*****,ESB,GYD,TK,404,226,2025-08-14 14:53:46,1,,DI
1405202,Y*** E***,PM*****,IST,IST,VF,2285,226,2025-08-14 14:53:49,1,,DI
1416290,W*** P***,EY*****,DLM,ESB,ZF,062,226,2025-08-14 14:53:52,1,,DI
1463539,P*** Z***,EY*****,ESB,AMS,TK,2285,226,2025-08-14 14:53:56,1,,DI
1446260,L*** O***,EV*****,SAW,IST,PC,3121,226,2025-08-14 14:53:58,1,,DI
1485970,D*** T***,ET*****,ESB,AMS,HV,2285,226,2025-08-14 14:54:10,1,,DD
1487249,Q*** Y***,EV*****,IST,SAW,HV,2555,226,2025-08-14 14:54:15,1,,DI
1416051,H*** M***,EW*****,ESB,SAW,ZF,4071,226,2025-08-14 14:54:17,1,,DD
1483679,V*** A***,ET*****,IST,SAW,PC,4071,226,2025-08-14 14:54:18,1,,DI
1414219,H*** N***,EW*****,SAW,GYD,PC,2285,226,2025-08-14 14:54:19,1,,DD
1426521,H*** M***,EW*****,DLM,SAW,J2,2285,226,2025-08-14 14:54:33,1,,DD
1440021,O*** M***,ET*****,IST,SAW,PC,2555,226,2025-08-14 14:54:40,1,,DD
1429324,V*** A***,EW*****,IST,ESB,J2,2555,226,2025-08-14 14:54:44,0,Uçuş Bulunamadı!,DI
1479440,X*** J***,ET*****,DLM,AMS,J2,4071,226,2025-08-14 14:54:46,1,,DD
1458960,I*** C***,EY*****,IST,GYD,VF,2285,226,2025-08-14 14:54:52,1,,DI
1402868,G*** P***,ET*****,IST,AMS,PC,3121,226,2025-08-14 14:54:56,1,,DI
1414860,Q*** V***,PM*****,ESB,SAW,TK,404,226,2025-08-14 14:55:00,1,,DI
1416205,D*** R***,ET*****,ESB,SAW,TK,4071,226,2025-08-14 14:55:20,1,,DD
1414618,P*** J***,E3*****,IST,GYD,VF,4071,226,2025-08-14 14:55:27,1,,DD
1481733,K*** Z***,EW*****,SAW,AMS,TK,3121,226,2025-08-14 14:55:32,1,,DD
1439346,J*** Q***,EV*****,SAW,SAW,TK,4071,226,2025-08-14 14:55:45,1,,DD
1432613,A*** X***,EW*****,ESB,GYD,HV,2285,226,2025-08-14 14:55:57,1,,DI
1452805,N*** Q***,EY*****,IST,AMS,VF,062,226,2025-08-14 14:56:02,1,,DD
1436152,L*** Z***,EW*****,ESB,ESB,J2,062,226,2025-08-14 14:56:10,1,,DD
1475198,S*** Z***,ET*****,ESB,SAW,TK,2555,226,2025-08-14 14:56:34,1,,DD
1402581,B*** K***,E3*****,SAW,ESB,TK,2555,226,2025-08-14 14:56:38,1,,DI
1441171,T*** K***,PM*****,SAW,IST,J2,4071,226,2025-08-14 14:56:42,1,,DI
1465338,Q*** O***,EW*****,DLM,GYD,VF,4071,226,2025-08-14 14:56:46,1,,DI
1467519,W*** F***,PM*****,ESB,GYD,HV,4071,226,2025-08-14 14:56:50,1,,DI
1418303,L*** F***,EY*****,ESB,GYD,J2,2555,226,2025-08-14 14:56:58,1,,DI
1486419,T*** F***,E3*****,ESB,GYD,TK,062,226,2025-08-14 14:56:59,1,,DI
1413874,R*** V***,EV*****,IST,IST,J2,062,226,2025-08-14 14:57:03,1,,DD
1437169,W*** D***,E3*****,DLM,AMS,VF,2285,226,2025-08-14 14:57:38,0,Bilet Kullanılmış!,DI
1450999,X*** P***,EY*****,IST,ESB,TK,404,226,2025-08-14 14:57:45,1,,DD
1462147,O*** R***,EY*****,IST,IST,ZF,404,226,2025-08-14 14:58:04,1,,DI
1495122,A*** L***,EV*****,SAW,SAW,TK,062,226,2025-08-14 14:58:07,1,,DI
1429713,D*** R***,E3*****,DLM,GYD,PC,062,226,2025-08-14 14:58:12,0,Bilet Tarihi Uyumsuz!,DD
1495681,P*** E***,E3*****,SAW,AMS,J2,062,226,2025-08-14 14:58:16,1,,DD
1409552,Y*** N***,EY*****,SAW,IST,TK,4071,226,2025-08-14 14:58:35,1,,DI
1488020,E*** I***,EW*****,DLM,GYD,HV,404,226,2025-08-14 14:58:50,1,,DD
1480362,M*** L***,EY*****,ESB,GYD,J2,2555,226,2025-08-14 14:59:03,1,,DI
1424790,T*** V***,PM*****,DLM,GYD,J2,3121,226,2025-08-14 14:59:10,1,,DI
1441620,Y*** N***,ET*****,ESB,AMS,VF,2555,226,2025-08-14 14:59:13,1,,DI
1418526,B*** E***,PM*****,IST,IST,VF,404,226,2025-08-14 14:59:14,1,,DI
1469653,Z*** R***,EW*****,IST,IST,HV,4071,226,2025-08-14 14:59:17,1,,DD
1487433,F*** J***,ET*****,ESB,IST,VF,404,226,2025-08-14 14:59:39,1,,DI
1409944,Q*** O***,ET*****,SAW,SAW,J2,404,226,2025-08-14 15:00:03,0,Bilet Kullanılmış!,DD
1488291,F*** S***,ET*****,IST,IST,ZF,404,226,2025-08-14 15:00:23,1,,DI
1426470,B*** W***,E3*****,DLM,GYD,PC,4071,226,2025-08-14 15:00:30,0,Bilet Tarihi Uyumsuz!,DI
1463329,A*** V***,EW*****,DLM,AMS,ZF,062,226,2025-08-14 15:00:48,0,Bilet Tarihi Uyumsuz!,DD
1496048,O*** Y***,EV*****,DLM,GYD,VF,4071,226,2025-08-14 15:00:52,1,,DI
1478101,W*** P***,EV*****,SAW,GYD,ZF,2555,226,2025-08-14 15:01:05,0,PNR Geçersiz!,DI
1409479,S*** T***,EV*****,DLM,SAW,J2,062,226,2025-08-14 15:01:11,1,,DD
1471141,F*** R***,EY*****,IST,IST,HV,3121,226,2025-08-14 15:01:15,1,,DI
1474361,V*** V***,EY*****,IST,GYD,PC,4071,226,2025-08-14 15:01:18,1,,DI
1417652,J*** A***,PM*****,SAW,ESB,J2,4071,226,2025-08-14 15:01:33,1,,DD
1485409,O*** O***,E3*****,IST,GYD,HV,404,226,2025-08-14 15:01:51,1,,DD
1445493,Y*** A***,ET*****,SAW,GYD,VF,2555,226,2025-08-14 15:02:01,1,,DD
1452749,P*** Y***,E3*****,DLM,SAW,J2,2555,226,2025-08-14 15:02:17,1,,DD
1437110,Q*** P***,EV*****,SAW,AMS,ZF,404,226,2025-08-14 15:02:18,1,,DD
1419458,P*** J***,PM*****,ESB,SAW,TK,404,226,2025-08-14 15:02:19,1,,DI
1473970,K*** F***,E3*****,IST,ESB,VF,4071,226,2025-08-14 15:02:23,1,,DD
1469422,W*** V***,EW*****,IST,ESB,TK,2555,226,2025-08-14 15:02:31,0,PNR Geçersiz!,DI
1447026,X*** X***,EV*****,DLM,SAW,PC,4071,226,2025-08-14 15:02:57,1,,DI
1434748,E*** F***,E3*****,DLM,AMS,TK,062,226,2025-08-14 15:03:17,1,,DD
1492126,W*** T***,EW*****,SAW,IST,ZF,404,226,2025-08-14 15:03:22,0,PNR Geçersiz!,DD
1499090,C*** N***,PM*****,DLM,ESB,VF,2285,226,2025-08-14 15:03:42,1,,DD
1451500,W*** R***,ET*****,SAW,ESB,J2,4071,226,2025-08-14 15:03:52,1,,DD
1441140,U*** X***,EY*****,ESB,SAW,HV,062,226,2025-08-14 15:04:15,1,,DD
1461635,K*** G***,PM*****,ESB,IST,TK,404,226,2025-08-14 15:04:19,1,,DI
1443618,X*** S***,EW*****,DLM,ESB,PC,404,226,2025-08-14 15:04:22,1,,DD
1413781,Y*** L***,PM*****,SAW,SAW,ZF,404,226,2025-08-14 15:04:25,1,,DI
1402982,F*** T***,E3*****,SAW,ESB,J2,404,226,2025-08-14 15:04:35,1,,DI
1401872,U*** Z***,EV*****,IST,AMS,J2,062,226,2025-08-14 15:04:39,1,,DI
1435137,V*** Y***,ET*****,IST,GYD,ZF,2555,226,2025-08-14 15:05:01,1,,DI
1442464,Q*** W***,PM*****,DLM,ESB,TK,2555,226,2025-08-14 15:05:05,1,,DD
1466607,I*** G***,PM*****,SAW,AMS,TK,2555,226,2025-08-14 15:05:09,1,,DI
1482095,U*** J***,ET*****,DLM,ESB,TK,4071,226,2025-08-14 15:05:16,1,,DI
1457451,K*** H***,EV*****,ESB,SAW,J2,2555,226,2025-08-14 15:05:37,1,,DD
1439643,F*** F***,EW*****,ESB,IST,ZF,404,226,2025-08-14 15:05:56,1,,DI
1470591,P*** T***,ET*****,DLM,ESB,J2,062,226,2025-08-14 15:05:58,1,,DI
1487256,J*** M***,EW*****,SAW,GYD,HV,3121,226,2025-08-14 15:06:00,1,,DD
1470203,G*** W***,EV*****,SAW,AMS,J2,3121,226,2025-08-14 15:06:19,1,,DI
1424614,Y*** G***,EW*****,ESB,IST,VF,3121,226,2025-08-14 15:06:37,1,,DI
1450258,T*** O***,PM*****,ESB,AMS,PC,4071,226,2025-08-14 15:06:38,0,PNR Geçersiz!,DD
1426126,W*** I***,ET*****,SAW,AMS,VF,404,226,2025-08-14 15:07:01,1,,DI
1428006,E*** I***,ET*****,IST,IST,VF,3121,226,2025-08-14 15:07:14,1,,DI
1460563,R*** D***,ET*****,DLM,AMS,ZF,2555,226,2025-08-14 15:07:22,1,,DI
1463796,L*** S***,EW*****,IST,GYD,J2,2555,226,2025-08-14 15:07:30,0,Bilet Kullanılmış!,DI
1418752,D*** B***,PM*****,SAW,SAW,TK,4071,226,2025-08-14 15:07:31,1,,DD
1446571,W*** X***,E3*****,SAW,AMS,VF,062,226,2025-08-14 15:07:33,1,,DD
1497889,U*** Z***,ET*****,DLM,GYD,J2,404,226,2025-08-14 15:07:36,1,,DD
1415942,J*** N***,PM*****,SAW,IST,VF,062,226,2025-08-14 15:07:37,1,,DD
1490763,T*** W***,EW*****,SAW,IST,TK,3121,226,2025-08-14 15:07:53,1,,DI
1407503,Y*** Z***,E3*****,IST,AMS,PC,062,226,2025-08-14 15:08:04,1,,DI
1439566,I*** E***,EW*****,IST,SAW,TK,4071,226,2025-08-14 15:08:52,1,,DI
1413117,K*** L***,EW*****,SAW,GYD,J2,404,226,2025-08-14 15:08:54,1,,DD
1426808,N*** V***,EY*****,ESB,IST,PC,404,226,2025-08-14 15:08:56,1,,DI
1468868,U*** D***,E3*****,SAW,SAW,TK,2285,226,2025-08-14 15:09:00,0,Bilet Tarihi Uyumsuz!,DI
1459996,N*** K***,E3*****,SAW,GYD,TK,2555,226,2025-08-14 15:09:13,1,,DI
1469799,L*** K***,E3*****,ESB,ESB,J2,404,226,2025-08-14 15:09:25,1,,DI
1485824,H*** B***,EV*****,ESB,SAW,PC,404,226,2025-08-14 15:09:28,1,,DI
1454567,U*** Y***,PM*****,ESB,SAW,PC,062,226,2025-08-14 15:09:30,1,,DD
1494775,P*** N***,EY*****,SAW,IST,HV,3121,226,2025-08-14 15:09:50,1,,DI
1488503,X*** N***,EY*****,SAW,IST,TK,2555,226,2025-08-14 15:09:51,1,,DI
1466175,K*** B***,PM*****,IST,AMS,VF,404,226,2025-08-14 15:10:14,1,,DD
1417239,R*** U***,EW*****,ESB,IST,VF,2555,226,2025-08-14 15:10:16,1,,DI
1432643,P*** M***,ET*****,SAW,SAW,ZF,062,226,2025-08-14 15:10:18,1,,DI
